item,qty,spec,supplier,unit_cost_usd,make_buy,notes
1 Intake scale and sorting table,1,"300 kg platform scale (1 x 1 m), 2.0 x 0.9 m steel sorting table, four color-coded bins 420 x 600 x 800 mm (PET, HDPE, PP, metals) and bulk bags",Local scale dealer and steel fabricator,750.00,buy,Indicative price; opens the passport batch record
2 Washing tanks and sediment trap,1,"Two 400 to 500 L polyethylene tanks (pre-wash and float-sink rinse), 0.75 kW splash-rated transfer pump, settling trap, hoses and brushes",Local hardware and plumbing supplier,800.00,buy,Indicative price; float-sink separates PP and HDPE flake (floats) from PET and PVC (sink)
3 Shredder with acoustic enclosure,1,"Open-design shredder (Precious Plastic Shredder Pro class, 1205 x 550 x 1512 mm), 2.2 kW gearmotor on a 230 V single-phase input VFD, interlocked feed chute, emergency stop; lined acoustic enclosure 1.6 x 1.4 x 1.9 m with interlocked access door (about 15 dB insertion loss)",Local fabricator or open-hardware workspace; enclosure panels from an insulation supplier,4100.00,make,"Indicative price: about $3,500 machine plus $600 enclosure; 15 kg/h assumed (sourced range 8.8 to 41.8 kg/h, RFE-CAL-001)"
4 Drying rack and fan,1,"Steel rack with ten 1.2 x 0.6 m mesh trays (7.2 m2), 0.4 kW fan",Local fabricator,400.00,make,Indicative price
5 Extruder,1,"Open-design extruder for beams and profiles, 1.5 kW motor on a single-phase input VFD plus 2.0 kW barrel heaters (3.5 kW), HDPE and PP only, with barrel enclosure (hood B)",Local fabricator or open-hardware workspace,4000.00,make,Indicative price; 5 kg/h assumed (RFE-CAL-001); the published Extrusion Pro is 5 kW on 400 V
6 Sheet press and cooling press,1,"1 x 1 m heated sheet press, 5.0 kW single-phase heaters, insulated platens, plus an unheated cooling press, inside booth hood A",Local fabricator or open-hardware workspace,6000.00,make,Indicative price; the largest single cost. The published Precious Plastic sheetpress is 15 kW on 400 V; a 5 kW single-phase press is a derated variant not yet published (RFE-CAL-001)
7 Fume extraction hoods and filter,1,"Booth hood A over both presses (1.2 x 0.6 m sash), barrel enclosure hood B (0.8 x 0.4 m open face), 250 mm galvanized duct, 1.1 kW centrifugal fan outside the back wall, G4 prefilter, F7 bag filter and impregnated activated carbon stage, discharge stack above the roof",Local HVAC and sheet metal supplier,2800.00,buy,Indicative price; sized in RFE-CAL-001 for 0.57 m3/s at about 815 Pa
8 Product store racking,2,"Steel pallet racking bay, 1.35 x 1.0 x 2.0 m, three levels",Local shelving supplier,200.00,buy,Indicative price per bay; bay 1 products (back row); bay 2 PET flake bags (front row)
9 Passport and quality desk,1,"Desk, thermal label printer, 30 kg bench scale, plastic moisture meter, used laptop or phone",Local office and electronics suppliers,900.00,buy,Indicative price; issues passports for every outgoing lot
10 Safety and PPE station,1,"PPE cabinet (respirators, face shields, heat and puncture-resistant gloves, hearing protection, safety boots for four workers), eyewash, first aid kit, three fire extinguishers, sharps container",Local safety supplier,1500.00,buy,Indicative price; PPE replacement is an operating cost
11 Electrical board,1,"Distribution board for a 230 V 40 A single-phase supply, 30 mA RCDs, circuit breakers, emergency stop circuit, heater interlock contactor (press heaters locked out while the shredder or extruder runs), energy meter",Licensed electrician,1500.00,buy,Indicative price including installation; maximum demand about 8.4 kW (36 A) by RFE-CAL-001
12 Export and residue cage,1,"Lockable welded-mesh cage about 2.1 x 1.4 x 1.8 m, fire-safe steel container with dry sand for lithium cells, bale bags",Local fabricator,900.00,make,Indicative price
13 Building shell,1,"Two used 40 ft shipping containers side by side (12.19 x 4.88 m) with the adjoining side walls removed and a personnel exit cut in one end wall, or a rented shed of about 60 m2, concrete floor",Local container dealer or landlord,8000.00,buy,"Site-dependent indicative price; excluded from the $24,050 equipment total; removing side walls needs a structural engineer"
