key,value,unit,description
input_kg,100,kg/shift,Mixed collected material bought from pickers per shift
feedstock_price,0.15,USD/kg,Price paid to pickers for mixed collected material
products_kg,32.3,kg/shift,HDPE and PP sheets and beams sold (RFE-CAL-001 mass balance)
product_price,2.50,USD/kg,Local selling price of sheets and beams
pet_flake_kg,19.3,kg/shift,Clean PET flake sold (RFE-CAL-001 mass balance)
pet_flake_price,0.60,USD/kg,Local or regional price of clean PET flake
metals_kg,8.0,kg/shift,Aluminium and steel sold to scrap dealers or smelters
metals_price,0.50,USD/kg,Blended price of mixed aluminium and steel scrap
paper_kg,10.0,kg/shift,Paper and card sold to a local mill
paper_price,0.05,USD/kg,Price of baled paper and card
ewaste_kg,2.0,kg/shift,Boards and cells passed to a licensed refiner or cell tester
ewaste_price,0.00,USD/kg,Net price after packing and transport (set to 0 until a receiver quotes)
disposal_kg,28.4,kg/shift,Sorting residue plus process losses to licensed disposal (RFE-CAL-001)
disposal_price,0.05,USD/kg,Gate fee for licensed disposal
workers,4,people,Workers per shift
wage,10.00,USD/shift,Wage per worker per shift
energy_kwh,42.9,kWh/shift,Electricity per shift at the reference input (RFE-CAL-001)
energy_fixed_kwh,22.4,kWh/shift,Part of energy_kwh that does not scale with input (heat-up, fume fan, lights and drying fan)
tariff,0.15,USD/kWh,Electricity tariff
consumables,10.00,USD/shift,"Wear parts, PPE replacement, detergent, labels"
filters,3.00,USD/shift,Fume filter replacement (prefilter and carbon)
rent,0.00,USD/shift,Rent or site cost per shift (0 = result before rent)
capex,24050,USD,Equipment cost for bom/bom.csv items 1 to 12
years,5,years,Period over which the equipment cost is recovered
shifts_per_year,250,shifts/year,Operating shifts per year
capacity_kg,100,kg/shift,Most input the line can handle in one shift (RFE-CAL-001 time budget)
